{
    "camera_params": {
        "left": {
            "capture_offset": [
                0,
                0
            ],
            "dimensions": [
                1280,
                1024
            ],
            "distortion_coefficients": [
                -0.3474047570284935,
                -0.6913232070565637,
                0.0,
                0.0,
                0.0
            ],
            "extrinsic_matrix": [
                0.9940559181415957,
                0.007746565459452537,
                0.10859476198809413,
                4.496949765639961e-18,
                0.029158325265105926,
                -0.9799689696477822,
                -0.19700408776266307,
                -7.860195706728642e-20,
                -0.1048933919529833,
                -0.19899952073069685,
                0.9743698307488541,
                8.436148219347505e-19,
                -112.4830223865549,
                280.1162434342077,
                -459.2233307869062,
                1.0
            ],
            "framerate": 180.0,
            "gamma": 1.0,
            "gaze_shift": [
                0.0,
                0.0,
                0.0
            ],
            "intrinsic_matrix": [
                5897.364762536641,
                0.0,
                0.0,
                0.0,
                5898.7840186661815,
                0.0,
                929.5620733748261,
                473.13345349034745,
                1.0
            ],
            "pixel_clock": 200.0,
            "region_of_interest": [
                1280,
                1024
            ],
            "serial_number": "4103589293"
        },
        "right": {
            "capture_offset": [
                0,
                0
            ],
            "dimensions": [
                1280,
                1024
            ],
            "distortion_coefficients": [
                0.780843055222058,
                -97.95200754558911,
                0.0,
                0.0,
                0.0
            ],
            "extrinsic_matrix": [
                0.9995931908180875,
                0.009303666546845783,
                0.026960984012079,
                -2.183063473006495e-18,
                0.014168193455936668,
                -0.9823925307237643,
                -0.18629057376140018,
                1.440346111429439e-19,
                -0.024753083935332543,
                -0.18659677748273612,
                0.9821247005695094,
                1.5926251463550873e-19,
                -210.5906542283234,
                279.03077676973163,
                -482.6619021588832,
                1.0
            ],
            "framerate": 180.0,
            "gamma": 1.0,
            "gaze_shift": [
                0.0,
                0.0,
                0.0
            ],
            "intrinsic_matrix": [
                5416.014337657699,
                0.0,
                0.0,
                0.0,
                5478.625752390726,
                0.0,
                587.5298684212682,
                598.0400405403464,
                1.0
            ],
            "pixel_clock": 160.0,
            "region_of_interest": [
                1280,
                1024
            ],
            "serial_number": "4103176841"
        }
    },
    "detection_params": {
        "left": {
            "max_glint_bottom_hor_distance": 5.0,
            "max_glint_bottom_vert_distance": 55.0,
            "max_glint_radius": 5.0,
            "max_glint_right_hor_distance": 20.0,
            "max_glint_right_vert_distance": 5.0,
            "max_hor_glint_pupil_distance": 400.0,
            "max_pupil_radius": 100.0,
            "max_vert_glint_pupil_distance": 200.0,
            "min_glint_bottom_hor_distance": -5.0,
            "min_glint_bottom_vert_distance": 35.0,
            "min_glint_radius": 0.0,
            "min_glint_right_hor_distance": 10.0,
            "min_glint_right_vert_distance": -5.0,
            "min_pupil_radius": 30.0,
            "pupil_search_centre": [
                600.0,
                250.0
            ],
            "pupil_search_radius": 400
        },
        "right": {
            "max_glint_bottom_hor_distance": 5.0,
            "max_glint_bottom_vert_distance": 55.0,
            "max_glint_radius": 5.0,
            "max_glint_right_hor_distance": 20.0,
            "max_glint_right_vert_distance": 5.0,
            "max_hor_glint_pupil_distance": 400.0,
            "max_pupil_radius": 90.0,
            "max_vert_glint_pupil_distance": 200.0,
            "min_glint_bottom_hor_distance": -5.0,
            "min_glint_bottom_vert_distance": 35.0,
            "min_glint_radius": 0.0,
            "min_glint_right_hor_distance": 10.0,
            "min_glint_right_vert_distance": -5.0,
            "min_pupil_radius": 10.0,
            "pupil_search_centre": [
                550.0,
                127.0
            ],
            "pupil_search_radius": 500
        }
    },
    "eye_params": {
        "left": {
            "alpha": 5.0,
            "beta": 1.5,
            "cornea_centre_distance": 5.3,
            "cornea_curvature_radius": 7.8,
            "cornea_refraction_index": 1.3375,
            "pupil_cornea_distance": 4.2
        },
        "right": {
            "alpha": -5.0,
            "beta": 1.5,
            "cornea_centre_distance": 5.3,
            "cornea_curvature_radius": 7.8,
            "cornea_refraction_index": 1.3375,
            "pupil_cornea_distance": 4.2
        }
    },
    "features_params": {
        "left": {
            "default": {
                "exposure": 3.98,
                "glint_threshold": 101,
                "marker_depth": 92.02300262451172,
                "polynomial_phi": [
                    -2.264316967628894,
                    3.983502684964873,
                    -0.9894712984732069,
                    0.5577779035402559,
                    -0.2510600357341498,
                    0.7930017666646821
                ],
                "polynomial_theta": [
                    0.8791130598960253,
                    -0.9662575547805058,
                    0.2627868855364056,
                    1.9831233355274955,
                    -0.6076440997808092,
                    0.5404091218537723
                ],
                "position_offset": [
                    -15.13978565604745,
                    3.8276833441234146,
                    -2.2282232489917533
                ],
                "pupil_threshold": 39
            }
        },
        "right": {
            "default": {
                "exposure": 4.58,
                "glint_threshold": 120,
                "marker_depth": 92.023,
                "polynomial_phi": [
                    -2.7812533550732668,
                    -2.723651128486551,
                    3.633312626681722,
                    1.687763865068971,
                    1.3197889041583104,
                    -0.24772020149919818
                ],
                "polynomial_theta": [
                    46.58013218910992,
                    -2.656628770107338,
                    -0.5314927438138948,
                    -29.88340897402755,
                    0.8827439936395505,
                    5.123250674800192
                ],
                "position_offset": [
                    24.840991696825597,
                    6.081784375100085,
                    26.974164703516408
                ],
                "pupil_threshold": 39
            }
        }
    },